[
    {
        "class": "food",
        "emojis": {
            "grape": "🍇",
            "cantaloupe": "🍈",
            "watermelon": "🍉",
            "orange": "🍊",
            "lemon": "🍋",
            "banana": "🍌",
            "pineapple": "🍍",
            "mango": "🥭",
            "red apple": "🍎",
            "green apple": "🍏",
            "pear": "🍐",
            "peach": "🍑",
            "cherries": "🍒",
            "strawberry": "🍓",
            "kiwi fruit": "🥝",
            "tomato": "🍅",
            "coconut": "🥥",
            "avocado": "🥑",
            "eggplant": "🍆",
            "potato": "🥔",
            "carrot": "🥕",
            "corn": "🌽",
            "hot pepper": "🌶 ",
            "cucumber": "🥒",
            "leafy greens": "🥬",
            "broccoli": "🥦",
            "mushroom": "🍄",
            "peanuts": "🥜",
            "chestnut": "🌰",
            "bread": "🍞",
            "croissant": "🥐",
            "baguette": "🥖",
            "pretzel": "🥨",
            "bagel": "🥯",
            "pancakes": "🥞",
            "cheese wedge": "🧀",
            "meat on bone": "🍖",
            "poultry leg": "🍗",
            "cut of meat": "🥩",
            "bacon": "🥓",
            "hamburger": "🍔",
            "fries": "🍟",
            "pizza": "🍕",
            "hotdog": "🌭",
            "sandwich": "🥪",
            "taco": "🌮",
            "burrito": "🌯",
            "kebab": "🥙",
            "egg": "🥚",
            "fried egg": "🍳",
            "stew": "🥘",
            "bowl with spoon": "🍲",
            "spoon and bowl": "🥣",
            "green salad": "🥗",
            "popcorn": "🍿",
            "salt shaker": "🧂",
            "canned food": "🥫",
            "bento box": "🍱",
            "rice cracker": "🍘",
            "rice ball": "🍙",
            "rice": "🍚",
            "curry rice": "🍛",
            "steaming bowl": "🍜",
            "spaghetti": "🍝",
            "roasted sweet potato": "🍠",
            "oden": "🍢",
            "sushi": "🍣",
            "fried shrimp": "🍤",
            "fish cake with swirl": "🍥",
            "moon cake": "🥮",
            "dango": "🍡",
            "dumpling": "🥟",
            "fortune cookie": "🥠",
            "takeout box": "🥡",
            "soft serve ice cream": "🍦",
            "shaved ice": "🍧",
            "ice cream": "🍨",
            "doughnut": "🍩",
            "cookie": "🍪",
            "birthday cake": "🎂",
            "shortcake": "🍰",
            "cupcake": "🧁",
            "pie": "🥧",
            "chocolate bar": "🍫",
            "candy": "🍬",
            "lollipop": "🍭",
            "custard": "🍮",
            "honey pot": "🍯",
            "baby bottle": "🍼",
            "glass of milk": "🥛",
            "hot beverage": "☕",
            "teacup without handle": "🍵",
            "sake": "🍶",
            "bottle with popping cork": "🍾",
            "wine glass": "🍷",
            "cocktail": "🍸",
            "tropical drink": "🍹",
            "beer mug": "🍺",
            "clinking beer mugs": "🍻",
            "clinking glasses": "🥂",
            "tumbler glass": "🥃",
            "cup with straw": "🥤",
            "chopsticks": "🥢",
            "fork and knife with plate": "🍽 ",
            "fork and knife": "🍴",
            "spoon": "🥄",
            "kitchen knife": "🔪",
            "amphora": "🏺"
        }
    },
    {
        "class": "animals",
        "emojis": {
            "smiling cat face with open mouth": "😺",
            "grinning cat face with smiling eyes": "😸",
            "cat face with tears of joy": "😹",
            "smiling cat face with heart-eyes": "😻",
            "cat face with wry smile": "😼",
            "kissing cat face with closed eyes": "😽",
            "weary cat face": "🙀",
            "crying cat face": "😿",
            "pouting cat face": "😾",
            "see-no-evil monkey": "🙈",
            "hear-no-evil monkey": "🙉",
            "speak-no-evil monkey": "🙊",
            "monkey face": "🐵",
            "monkey": "🐒",
            "gorilla": "🦍",
            "dog face": "🐶",
            "dog": "🐕",
            "poodle": "🐩",
            "wolf face": "🐺",
            "fox face": "🦊",
            "raccoon": "🦝",
            "cat face": "🐱",
            "cat": "🐈",
            "lion face": "🦁",
            "tiger face": "🐯",
            "tiger": "🐅",
            "leopard": "🐆",
            "horse face": "🐴",
            "horse": "🐎",
            "unicorn face": "🦄",
            "zebra": "🦓",
            "deer": "🦌",
            "cow face": "🐮",
            "ox": "🐂",
            "water buffalo": "🐃",
            "cow": "🐄",
            "pig face": "🐷",
            "pig": "🐖",
            "boar": "🐗",
            "pig nose": "🐽",
            "ram": "🐏",
            "sheep": "🐑",
            "goat": "🐐",
            "dromedary camel": "🐪",
            "bactrian camel": "🐫",
            "two-hump camel": "🐫",
            "alpaca": "🦙",
            "llama": "🦙",
            "elephant": "🐘",
            "rhinoceros": "🦏",
            "hippopotamus": "🦛",
            "mouse face": "🐭",
            "mouse": "🐁",
            "rat": "🐀",
            "hamster face": "🐹",
            "rabbit face": "🐰",
            "rabbit": "🐇",
            "chipmunk": "🐿 ",
            "hedgehog": "🦔",
            "bat": "🦇",
            "bear face": "🐻",
            "koala": "🐨",
            "panda face": "🐼",
            "kangaroo": "🦘",
            "badger": "🦡",
            "paw prints": "🐾",
            "turkey": "🦃",
            "chicken": "🐔",
            "rooster": "🐓",
            "hatching chick": "🐣",
            "baby chick": "🐤",
            "front-facing baby chick": "🐥",
            "bird": "🐦",
            "dove of peace": "🕊 ",
            "eagle": "🦅",
            "duck": "🦆",
            "swan": "🦢",
            "owl": "🦉",
            "peacock": "🦚",
            "parrot": "🦜",
            "frog face": "🐸",
            "crocodile": "🐊",
            "turtle": "🐢",
            "lizard": "🦎",
            "snake": "🐍",
            "dragon face": "🐲",
            "dragon": "🐉",
            "sauropod": "🦕",
            "t-rex": "🦖",
            "spouting whale": "🐳",
            "whale": "🐋",
            "dolphin": "🐬",
            "fish": "🐟",
            "tropical fish": "🐠",
            "blowfish": "🐡",
            "shark": "🦈",
            "octopus": "🐙",
            "spiral shell": "🐚",
            "crab": "🦀",
            "lobster": "🦞",
            "shrimp": "🦐",
            "squid": "🦑",
            "snail": "🐌",
            "butterfly": "🦋",
            "bug": "🐛",
            "ant": "🐜",
            "honeybee": "🐝",
            "lady beetle": "🐞",
            "cricket": "🦗",
            "spider": "🕷 ",
            "spider web": "🕸 ",
            "scorpion": "🦂",
            "mosquito": "🦟",
            "microbe": "🦠"
        }
    }
]